{"cameraMode":{"drawMode":0,"name":"Shaded","section":"Shading Mode"},"sceneLighting":false,"audioPlay":false,"sceneViewState":{"m_AlwaysRefresh":false,"showFog":true,"showSkybox":true,"showFlares":true,"showImageEffects":true,"showParticleSystems":true,"showVisualEffectGraphs":true,"m_FxEnabled":false},"in2DMode":false,"pivot":{"x":755.3267211914063,"y":299.7583923339844,"z":214.13690185546876},"rotation":{"x":0.23734250664710999,"y":-0.0373937226831913,"z":0.009143154136836529,"w":0.9706667065620422},"size":118.33856964111328,"orthographic":false}